PlayerID,LastName,FirstName,Bats,Pitches,Team,X7
berry101,Berra,Yogi,L,R,NYA,X
byrnt101,Byrne,Tommy,L,L,NYA,X
colej106,Coleman,Jerry,R,R,NYA,X
dimad101,DiMaggio,Dom,R,R,BOS,X
dimaj101,DiMaggio,Joe,R,R,NYA,X
dobyl101,Doby,Larry,L,R,CLE,X
doerb101,Doerr,Bobby,R,R,BOS,X
dropw101,Dropo,Walt,R,R,BOS,X
everh101,Evers,Hoot,R,R,DET,X
fainf101,Fain,Ferris,L,L,PHA,X
fellb101,Feller,Bob,R,R,CLE,X
grayt101,Gray,Ted,B,L,DET,X
hegaj101,Hegan,Jim,R,R,CLE,X
henrt101,Henrich,Tommy,L,L,NYA,X
houta101,Houtteman,Art,R,R,DET,X
kellg102,Kell,George,R,R,DET,X
lemob101,Lemon,Bob,L,R,CLE,X
lolls101,Lollar,Sherm,R,R,SLA,X
michc101,Michaels,Cass,R,R,WS1,X
rascv101,Raschi,Vic,R,R,NYA,X
reyna102,Reynolds,Allie,R,R,NYA,X
rizzp101,Rizzuto,Phil,R,R,NYA,X
scarr102,Scarborough,Ray,R,R,CHA,X
stepv101,Stephens,Vern,R,R,BOS,X
willt103,Williams,Ted,L,R,BOS,X
brews101,Brewer,Sherwood,R,R,ASE,NA
blacj103,Black,Joe,R,R,ASE,NA
butth101,Butts,Harry,?,?,ASE,NA
buttt102,Butts,Tommy,R,R,ASE,NA
diazf101,Diaz,Fernando,R,R,ASE,NA
gainj102,Gaines,Jonas,R,L,ASE,NA
galar101,Galata,Raul,L,L,ASE,NA
gillj102,Gilliam,Jim,B,R,ASE,NA
gonzr102,Gonzalez,Rene,R,R,ASE,NA
littb101,Littles,Ben,R,R,ASE,NA
loudl101,Louden,Lou,R,R,ASE,NA
merch101,Merchant,Henry,L,L,ASE,NA
scanp101,Scantlebury,Pat,L,L,ASE,NA
whitc101,White,Charlie,L,R,ASE,NA
wilma101,Wilmore,Alfred,?,?,ASE,NA
bassp101,Bassett,Pepper,B,R,ASW,NA
clarw103,Clarke,Webbo,L,L,ASW,NA
coopt101,Cooper,Tom,R,R,ASW,NA
dougj102,Douglas,Jesse,B,R,ASW,NA
harvb102,Harvey,Bob,L,R,ASW,NA
johnc103,Johnson,Connie,R,R,ASW,NA
jonec108,Jones,Casey,L,R,ASW,NA
kelll101,Kellman,Leon,R,R,ASW,NA
mcnec101,McNeal,Clyde,R,R,ASW,NA
penna101,Pennington,Art,B,R,ASW,NA
perra101,Perry,Alonzo,L,R,ASW,NA
poweb103,Powell,Bill,L,R,ASW,NA
soueh101,Souell,Herb,B,R,ASW,NA
steee102,Steele,Ed,L,R,ASW,NA
washj102,Washington,Johnny,L,R,ASW,NA
willc109,Williams,Curley,L,R,ASW,NA
atkij101,Atkins,James,L,R,BOS,P
battm101,Batts,Matt,R,R,BOS,C
combm101,Combs,Merl,L,R,BOS,PH
dimad101,DiMaggio,Dom,R,R,BOS,OF
dobsj101,Dobson,Joe,R,R,BOS,P
doerb101,Doerr,Bobby,R,R,BOS,2B
dropw101,Dropo,Walt,R,R,BOS,1B
ferrd101,Ferriss,Dave,L,R,BOS,P
gillb102,Gillespie,Bob,R,R,BOS,P
goodb101,Goodman,Billy,L,R,BOS,OF
hatff101,Hatfield,Fred,L,R,BOS,3B
johne105,Johnson,Earl,L,L,BOS,P
keltk101,Keltner,Ken,R,R,BOS,3B
kinde101,Kinder,Ellis,R,R,BOS,P
littd102,Littlefield,Dick,L,L,BOS,P
marcp101,Marchildon,Phil,R,R,BOS,P
mastw101,Masterson,Walt,R,R,BOS,P
maxwc101,Maxwell,Charlie,L,L,BOS,OF
mcdem102,McDermott,Mickey,L,L,BOS,P
mcdoj104,McDonald,Jim,R,R,BOS,P
muelg101,Mueller,Gordie,R,R,BOS,P
nixow101,Nixon,Willard,L,R,BOS,P
obrit103,O'Brien,Tommy,R,R,BOS,OF
papaa101,Papai,Al,R,R,BOS,P
parnm101,Parnell,Mel,L,L,BOS,P
peskj101,Pesky,Johnny,L,R,BOS,3B
pierj102,Piersall,Jim,R,R,BOS,OF
quinf104,Quinn,Frank,R,R,BOS,P
rosab101,Rosar,Buddy,R,R,BOS,C
schac101,Schanz,Charley,R,R,BOS,P
scheb102,Scherbarth,Bob,R,R,BOS,C
stepv101,Stephens,Vern,R,R,BOS,SS
stobc101,Stobbs,Chuck,L,L,BOS,P
stril101,Stringer,Lou,R,R,BOS,3B
suchj101,Suchecki,Jim,R,R,BOS,P
taylh101,Taylor,Harry,R,R,BOS,P
tebbb101,Tebbetts,Birdie,R,R,BOS,C
vollc101,Vollmer,Clyde,R,R,BOS,OF
willt103,Williams,Ted,L,R,BOS,OF
wrigt101,Wright,Tom,L,R,BOS,OF
zaria101,Zarilla,Al,L,R,BOS,OF
abrac101,Abrams,Cal,L,L,BRO,OF
bankd101,Bankhead,Dan,R,R,BRO,P
bantj101,Banta,Jack,L,R,BRO,P
barnr103,Barney,Rex,R,R,BRO,P
belaw101,Belardi,Wayne,L,L,BRO,1B
branr103,Branca,Ralph,R,R,BRO,P
browt103,Brown,Tommy,R,R,BRO,OF
campr102,Campanella,Roy,R,R,BRO,C
cox-b101,Cox,Billy,R,R,BRO,3B
edwab101,Edwards,Bruce,R,R,BRO,C
eppea101,Epperly,Al,L,R,BRO,P
erskc101,Erskine,Carl,R,R,BRO,P
furic101,Furillo,Carl,R,R,BRO,OF
hattj101,Hatten,Joe,R,L,BRO,P
hermg101,Hermanski,Gene,L,R,BRO,OF
hodgg101,Hodges,Gil,R,R,BRO,1B
jorgs101,Jorgensen,Spider,L,R,BRO,3B
labic101,Labine,Clem,R,R,BRO,P
landj101,Landrum,Joe,R,R,BRO,P
lembs101,Lembo,Steve,R,R,BRO,C
loesb101,Loes,Billy,R,R,BRO,P
mallm101,Mallette,Mal,L,L,BRO,P
mcglp101,McGlothin,Pat,L,R,BRO,P
mikse101,Miksis,Eddie,R,R,BRO,2B
morgb102,Morgan,Bobby,R,R,BRO,3B
newcd101,Newcombe,Don,L,R,BRO,P
palie101,Palica,Erv,R,R,BRO,P
podbb101,Podbielan,Bud,R,R,BRO,P
ramsw101,Ramsdell,Willie,R,R,BRO,P
reesp101,Reese,Pee Wee,R,R,BRO,SS
robij103,Robinson,Jackie,R,R,BRO,2B
roe-p101,Roe,Preacher,R,L,BRO,P
romaj102,Romano,Jim,R,R,BRO,P
russj102,Russell,Jim,B,R,BRO,OF
shubg101,Shuba,George,L,R,BRO,OF
snidd101,Snider,Duke,L,R,BRO,OF
vancc101,Van Cuyk,Chris,L,L,BRO,P
addib101,Addis,Bob,L,R,BSN,OF
antoj103,Antonelli,Johnny,L,L,BSN,P
bickv101,Bickford,Vern,R,R,BSN,P
burrp101,Burris,Paul,R,R,BSN,C
chipb101,Chipman,Bob,L,L,BSN,P
coled103,Cole,Dave,R,R,BSN,P
coopw102,Cooper,Walker,R,R,BSN,C
crand102,Crandall,Del,R,R,BSN,C
donod101,Donovan,Dick,L,R,BSN,P
ellib103,Elliott,Bob,R,R,BSN,3B
gords101,Gordon,Sid,R,R,BSN,OF
haefm101,Haefner,Mickey,L,L,BSN,P
hallb103,Hall,Bob,R,R,BSN,P
hartr101,Hartsfield,Roy,R,R,BSN,2B
hogub101,Hogue,Bobby,R,R,BSN,P
holmt101,Holmes,Tommy,L,L,BSN,OF
jeths101,Jethroe,Sam,B,R,BSN,OF
johne101,Johnson,Ernie,R,R,BSN,P
kerrb101,Kerr,Buddy,R,R,BSN,SS
lindw101,Linden,Walt,R,R,BSN,C
manvd101,Manville,Dick,R,R,BSN,P
marsw101,Marshall,Willard,L,R,BSN,OF
maucg101,Mauch,Gene,R,R,BSN,2B
olmol101,Olmo,Luis,R,R,BSN,OF
reisp101,Reiser,Pete,L,R,BSN,OF
roy-n101,Roy,Normie,R,R,BSN,P
ryanc102,Ryan,Connie,R,R,BSN,2B
sainj101,Sain,Johnny,R,R,BSN,P
sists101,Sisti,Sibby,R,R,BSN,SS
spahw101,Spahn,Warren,L,L,BSN,P
surkm101,Surkont,Max,R,R,BSN,P
torge101,Torgeson,Earl,L,L,BSN,1B
verbe101,Verban,Emil,R,R,BSN,2B
wallm101,Wall,Murray,R,R,BSN,P
waltb102,Walters,Bucky,R,R,BSN,P
adamh101,Adams,Herb,L,L,CHA,OF
aloml101,Aloma,Luis,R,R,CHA,P
appll101,Appling,Luke,R,R,CHA,SS
bakef103,Baker,Floyd,L,R,CHA,3B
brunj101,Bruner,Jack,L,L,CHA,P
busbj101,Busby,Jim,R,R,CHA,OF
cainb101,Cain,Bob,L,L,CHA,P
carrc105,Carrasquel,Chico,R,R,CHA,SS
connb103,Connelly,Bill,L,R,CHA,P
cuelc101,Cuellar,Charlie,R,R,CHA,P
erauj101,Erautt,Joe,R,R,CHA,C
fox-n101,Fox,Nellie,L,R,CHA,2B
goldg101,Goldsberry,Gordon,L,L,CHA,1B
gumpr101,Gumpert,Randy,R,R,CHA,P
haefm101,Haefner,Mickey,L,L,CHA,P
holck101,Holcombe,Ken,R,R,CHA,P
judsh101,Judson,Howie,R,R,CHA,P
kerig101,Keriazakos,Gus,R,R,CHA,P
kirrj101,Kirrene,Joe,R,R,CHA,3B
kozaa101,Kozar,Al,R,R,CHA,2B
kresc101,Kress,Chuck,L,L,CHA,1B
kretl101,Kretlow,Lou,R,R,CHA,P
kuzab101,Kuzava,Bob,B,L,CHA,P
majeh101,Majeski,Hank,R,R,CHA,3B
maloe101,Malone,Eddie,R,R,CHA,C
masip101,Masi,Phil,R,R,CHA,C
mccom101,McCormick,Mike,R,R,CHA,OF
mcghe101,McGhee,Ed,R,R,CHA,OF
michc101,Michaels,Cass,R,R,CHA,2B
niarg101,Niarhos,Gus,R,R,CHA,C
ostrj102,Ostrowski,Johnny,R,R,CHA,OF
perkj101,Perkovich,John,R,R,CHA,P
phild102,Philley,Dave,B,R,CHA,OF
pierb101,Pierce,Billy,L,L,CHA,P
rickm101,Rickert,Marv,L,R,CHA,OF
robie101,Robinson,Eddie,L,R,CHA,1B
rotbm101,Rotblatt,Marv,B,L,CHA,P
salkb101,Salkeld,Bill,L,R,CHA,C
scalj102,Scala,Jerry,L,R,CHA,OF
scarr102,Scarborough,Ray,R,R,CHA,P
wighb101,Wight,Bill,L,L,CHA,P
wilsb103,Wilson,Bill,R,R,CHA,OF
zerng101,Zernial,Gus,R,R,CHA,OF
borkb101,Borkowski,Bob,R,R,CHN,OF
cavap101,Cavarretta,Phil,L,L,CHN,1B
chith101,Chiti,Harry,R,R,CHN,C
dubim101,Dubiel,Monk,R,R,CHN,P
edwah101,Edwards,Hank,L,L,CHN,OF
hackw102,Hacker,Warren,R,R,CHN,P
hillf101,Hiller,Frank,R,R,CHN,P
jackr102,Jackson,Randy,R,R,CHN,3B
jeffh101,Jeffcoat,Hal,R,R,CHN,OF
klipj101,Klippstein,Johnny,R,R,CHN,P
laded101,Lade,Doyle,R,R,CHN,P
leond103,Leonard,Dutch,R,R,CHN,P
maurc101,Mauro,Carmen,L,R,CHN,OF
minnp101,Minner,Paul,L,L,CHN,P
nortr101,Northey,Ron,L,R,CHN,OF
owenm101,Owen,Mickey,R,R,CHN,C
pafka101,Pafko,Andy,R,R,CHN,OF
ramab101,Ramazzotti,Bob,R,R,CHN,2B
rushb101,Rush,Bob,R,R,CHN,P
saueh101,Sauer,Hank,R,R,CHN,OF
sawac101,Sawatski,Carl,L,R,CHN,C
scheb101,Scheffing,Bob,R,R,CHN,C
schmj101,Schmitz,Johnny,R,L,CHN,P
sereb101,Serena,Bill,R,R,CHN,3B
smalr101,Smalley,Roy,R,R,CHN,SS
terww101,Terwilliger,Wayne,R,R,CHN,2B
vandj101,Vander Meer,Johnny,B,L,CHN,P
varga101,Varga,Andy,R,L,CHN,P
verbe101,Verban,Emil,R,R,CHN,2B
voisb101,Voiselle,Bill,R,R,CHN,P
walkr101,Walker,Rube,L,R,CHN,C
wardp101,Ward,Preston,L,R,CHN,1B
adamb103,Adams,Bobby,R,R,CIN,2B
adcoj101,Adcock,Joe,R,R,CIN,OF
avrej101,Avrea,Jay,R,R,CIN,P
blace102,Blackwell,Ewell,R,R,CIN,P
blooj101,Bloodworth,Jimmy,R,R,CIN,2B
bolgj101,Bolger,Jim,R,R,CIN,OF
byerb103,Byerly,Bud,R,R,CIN,P
coopw102,Cooper,Walker,R,R,CIN,C
eraue101,Erautt,Eddie,R,R,CIN,P
fox-h101,Fox,Howie,R,R,CIN,P
hattg101,Hatton,Grady,L,R,CIN,3B
hetkj101,Hetki,Johnny,R,R,CIN,P
howed102,Howell,Dixie,R,R,CIN,C
klust101,Kluszewski,Ted,L,L,CIN,1B
landh101,Landrith,Hobie,L,R,CIN,C
litwd101,Litwhiler,Danny,R,R,CIN,OF
lowrp101,Lowrey,Peanuts,R,R,CIN,OF
meeks101,Meeks,Sammy,R,R,CIN,SS
merrl102,Merriman,Lloyd,L,L,CIN,OF
nortr101,Northey,Ron,L,R,CIN,OF
perkh101,Perkowski,Harry,L,L,CIN,P
petek101,Peterson,Kent,R,L,CIN,P
pramj101,Pramesa,Johnny,R,R,CIN,C
rackm101,Rackley,Marv,L,L,CIN,PR
raffk101,Raffensberger,Ken,R,L,CIN,P
ramsw101,Ramsdell,Willie,R,R,CIN,P
ryanc102,Ryan,Connie,R,R,CIN,2B
scheb101,Scheffing,Bob,R,R,CIN,C
smitf104,Smith,Frank,R,R,CIN,P
stalv101,Stallcup,Virgil,R,R,CIN,SS
tappt101,Tappe,Ted,L,R,CIN,PH
usheb101,Usher,Bob,R,R,CIN,OF
wehmh101,Wehmeier,Herm,R,R,CIN,P
wyroj101,Wyrostek,Johnny,L,R,CIN,OF
abera101,Aber,Al,L,L,CLE,P
avilb101,Avila,Bobby,R,R,CLE,2B
bearg102,Bearden,Gene,L,L,CLE,P
benta101,Benton,Al,R,R,CLE,P
beraj101,Berardino,Johnny,R,R,CLE,2B
boonr101,Boone,Ray,R,R,CLE,SS
boudl101,Boudreau,Lou,R,R,CLE,SS
clara102,Clark,Allie,R,R,CLE,OF
conyh101,Conyers,Herb,L,R,CLE,1B
dobyl101,Doby,Larry,L,R,CLE,OF
eastl101,Easter,Luke,L,R,CLE,1B
fellb101,Feller,Bob,R,R,CLE,P
florj101,Flores,Jesse,R,R,CLE,P
garcm101,Garcia,Mike,R,R,CLE,P
gordj101,Gordon,Joe,R,R,CLE,2B
groms101,Gromek,Steve,B,R,CLE,P
hegaj101,Hegan,Jim,R,R,CLE,C
kennb104,Kennedy,Bob,R,R,CLE,OF
lemob101,Lemon,Bob,L,R,CLE,P
lemoj101,Lemon,Jim,R,R,CLE,OF
mitcd101,Mitchell,Dale,L,L,CLE,OF
murrr102,Murray,Ray,R,R,CLE,C
pierm101,Pieretti,Marino,R,R,CLE,P
rosea101,Rosen,Al,R,R,CLE,3B
rozed101,Rozek,Dick,L,L,CLE,P
tuckt102,Tucker,Thurman,L,R,CLE,OF
vernm101,Vernon,Mickey,L,L,CLE,1B
weikd101,Weik,Dick,R,R,CLE,P
wynne101,Wynn,Early,B,R,CLE,P
zolds101,Zoldak,Sam,L,L,CLE,P
berrn101,Berry,Neil,R,R,DET,SS
boroh101,Borowy,Hank,R,R,DET,P
calvp101,Calvert,Paul,R,R,DET,P
campp101,Campbell,Paul,L,L,DET,PR
connb103,Connelly,Bill,L,R,DET,P
everh101,Evers,Hoot,R,R,DET,OF
ginsj101,Ginsberg,Joe,L,R,DET,C
grayt101,Gray,Ted,B,L,DET,P
grotj102,Groth,Johnny,R,R,DET,OF
herbr101,Herbert,Ray,R,R,DET,P
housf103,House,Frank,L,R,DET,C
houta101,Houtteman,Art,R,R,DET,P
hutcf101,Hutchinson,Fred,L,R,DET,P
kellc101,Keller,Charlie,L,R,DET,OF
kellg102,Kell,George,R,R,DET,3B
kolld101,Kolloway,Don,R,R,DET,1B
kryhd101,Kryhoski,Dick,L,L,DET,1B
lakee101,Lake,Eddie,R,R,DET,3B
lipoj101,Lipon,Johnny,R,R,DET,SS
mullp101,Mullin,Pat,L,R,DET,OF
newhh101,Newhouser,Hal,L,L,DET,P
pridj101,Priddy,Jerry,R,R,DET,2B
robia101,Robinson,Aaron,L,R,DET,C
rogos101,Rogovin,Saul,R,R,DET,P
stuam101,Stuart,Marlin,L,R,DET,P
swifb102,Swift,Bob,R,R,DET,C
troud101,Trout,Dizzy,R,R,DET,P
trucv101,Trucks,Virgil,R,R,DET,P
wertv101,Wertz,Vic,L,R,DET,OF
whith101,White,Hal,R,R,DET,P
blace102,Blackwell,Ewell,R,R,CIN,X
campr102,Campanella,Roy,R,R,BRO,X
coopw102,Cooper,Walker,R,R,BSN,X
hodgg101,Hodges,Gil,R,R,BRO,X
jansl101,Jansen,Larry,R,R,NY1,X
jonew101,Jones,Willie,R,R,PHI,X
kiner101,Kiner,Ralph,R,R,PIT,X
konsj101,Konstanty,Jim,R,R,PHI,X
marim101,Marion,Marty,R,R,SLN,X
musis101,Musial,Stan,L,L,SLN,X
newcd101,Newcombe,Don,L,R,BRO,X
pafka101,Pafko,Andy,R,R,CHN,X
reesp101,Reese,Peewee,R,R,BRO,X
rober102,Roberts,Robin,B,R,PHI,X
robij103,Robinson,Jackie,R,R,BRO,X
roe-p101,Roe,Preacher,R,L,BRO,X
rushb101,Rush,Bob,R,R,CHN,X
saueh101,Sauer,Hank,R,R,CHN,X
schor101,Schoendienst,Red,B,R,SLN,X
sisld101,Sisler,Dick,L,R,PHI,X
slaue101,Slaughter,Enos,L,R,SLN,X
snidd101,Snider,Duke,L,R,BRO,X
spahw101,Spahn,Warren,L,L,BSN,X
stane101,Stanky,Eddie,R,R,NY1,X
wyroj101,Wyrostek,Johnny,L,R,CIN,X
blaym101,Blaylock,Marv,L,L,NY1,PH
calds101,Calderone,Sam,R,R,NY1,C
darka101,Dark,Al,R,R,NY1,SS
gilbt101,Gilbert,Tookie,L,R,NY1,1B
hansa101,Hansen,Andy,R,R,NY1,P
harsj101,Harshman,Jack,L,L,NY1,1B
hartc102,Hartung,Clint,R,R,NY1,P
hearj102,Hearn,Jim,R,R,NY1,P
higbk101,Higbe,Kirby,R,R,NY1,P
irvim101,Irvin,Monte,R,R,NY1,1B
jansl101,Jansen,Larry,R,R,NY1,P
jones103,Jones,Sheldon,R,R,NY1,P
jorgs101,Jorgensen,Spider,L,R,NY1,3B
kennm101,Kennedy,Monty,R,L,NY1,P
kosld101,Koslo,Dave,L,L,NY1,P
kramj101,Kramer,Jack,R,R,NY1,P
lockw101,Lockman,Whitey,L,R,NY1,OF
lohrj101,Lohrke,Jack,R,R,NY1,3B
magls101,Maglie,Sal,R,R,NY1,P
maguj101,Maguire,Jack,R,R,NY1,OF
mccom101,McCormick,Mike,R,R,NY1,PH
milnp101,Milne,Pete,L,R,NY1,PH
mueld101,Mueller,Don,L,R,NY1,OF
muelr101,Mueller,Ray,R,R,NY1,C
reyen101,Reyes,Nap,R,R,NY1,1B
rignb101,Rigney,Bill,R,R,NY1,2B
rufer101,Rufer,Rudy,R,R,NY1,SS
speng102,Spencer,George,R,R,NY1,P
stane101,Stanky,Eddie,R,R,NY1,2B
thomb105,Thomson,Bobby,R,R,NY1,OF
thomh103,Thompson,Hank,L,R,NY1,3B
weatr101,Weatherly,Roy,L,R,NY1,OF
westw101,Westrum,Wes,R,R,NY1,C
yvars101,Yvars,Sal,R,R,NY1,C
baueh101,Bauer,Hank,R,R,NYA,OF
berry101,Berra,Yogi,L,R,NYA,C
browb105,Brown,Bobby,L,R,NYA,3B
burdl101,Burdette,Lew,R,R,NYA,P
byrnt101,Byrne,Tommy,L,L,NYA,P
colej106,Coleman,Jerry,R,R,NYA,2B
collj101,Collins,Joe,L,L,NYA,1B
delsj101,Delsing,Jim,L,R,NYA,PH
dimaj101,DiMaggio,Joe,R,R,NYA,OF
ferrt101,Ferrick,Tom,R,R,NYA,P
fordw101,Ford,Whitey,L,L,NYA,P
henrt101,Henrich,Tommy,L,L,NYA,1B
hoppj102,Hopp,Johnny,L,L,NYA,1B
houkr101,Houk,Ralph,R,R,NYA,C
jensj101,Jensen,Jackie,R,R,NYA,OF
johnb108,Johnson,Billy,R,R,NYA,3B
johnd102,Johnson,Don,R,R,NYA,P
lindj101,Lindell,Johnny,R,R,NYA,OF
lopae101,Lopat,Eddie,L,L,NYA,P
madid101,Madison,Dave,R,R,NYA,P
mapec101,Mapes,Cliff,L,R,NYA,OF
martb105,Martin,Billy,R,R,NYA,2B
mizej101,Mize,Johnny,L,R,NYA,1B
nevee102,Nevel,Ernie,R,R,NYA,P
niarg101,Niarhos,Gus,R,R,NYA,PR
ostrj101,Ostrowski,Joe,L,L,NYA,P
pagej101,Page,Joe,L,L,NYA,P
pilld101,Pillette,Duane,R,R,NYA,P
portb102,Porterfield,Bob,R,R,NYA,P
rascv101,Raschi,Vic,R,R,NYA,P
reyna102,Reynolds,Allie,R,R,NYA,P
rizzp101,Rizzuto,Phil,R,R,NYA,SS
sanff101,Sanford,Fred,B,R,NYA,P
silvc101,Silvera,Charlie,R,R,NYA,C
stirs101,Stirnweiss,Snuffy,R,R,NYA,2B
waked101,Wakefield,Dick,L,R,NYA,PH
woodg101,Woodling,Gene,L,R,NYA,OF
workh101,Workman,Hank,L,R,NYA,1B
astrj101,Astroth,Joe,R,R,PHA,C
brisl101,Brissie,Lou,L,L,PHA,P
burtm101,Burtschy,Moe,R,R,PHA,P
byrdh101,Byrd,Harry,R,R,PHA,P
chaps101,Chapman,Sam,R,R,PHA,OF
colej101,Coleman,Joe,R,R,PHA,P
dillb102,Dillinger,Bob,R,R,PHA,3B
fainf101,Fain,Ferris,L,L,PHA,1B
fowld101,Fowler,Dick,R,R,PHA,P
guerm102,Guerra,Mike,R,R,PHA,C
guinb101,Guintini,Ben,R,R,PHA,OF
hitcb101,Hitchcock,Billy,R,R,PHA,2B
hoopb101,Hooper,Bob,R,R,PHA,P
joose101,Joost,Eddie,R,R,PHA,SS
kella103,Kellner,Alex,R,L,PHA,P
kliee101,Klieman,Ed,R,R,PHA,P
kucaj101,Kucab,Johnny,R,R,PHA,P
lehnp101,Lehner,Paul,L,L,PHA,OF
markg101,Markland,Gene,R,R,PHA,2B
mccob101,McCosky,Barney,L,R,PHA,OF
mccrl101,McCrabb,Les,R,R,PHA,P
mosew101,Moses,Wally,L,L,PHA,OF
murrj102,Murray,Joe,L,L,PHA,P
ortir101,Ortiz,Roberto,R,R,PHA,OF
rinkb101,Rinker,Bob,R,R,PHA,C
schec101,Scheib,Carl,R,R,PHA,P
shanb102,Shantz,Bobby,R,L,PHA,P
sudep101,Suder,Pete,R,R,PHA,2B
tiptj101,Tipton,Joe,R,R,PHA,C
valoe101,Valo,Elmer,L,R,PHA,OF
wahlk101,Wahl,Kermit,R,R,PHA,3B
wellb101,Wellman,Bob,R,R,PHA,OF
wyseh101,Wyse,Hank,R,R,PHA,P
ashbr101,Ashburn,Richie,L,R,PHI,OF
blatj101,Blatnik,Johnny,R,R,PHI,OF
blooj101,Bloodworth,Jimmy,R,R,PHI,2B
boroh101,Borowy,Hank,R,R,PHI,P
britj102,Brittin,Jack,R,R,PHI,P
cabap101,Caballero,Putsy,R,R,PHI,2B
candm101,Candini,Milo,R,R,PHI,P
churb101,Church,Bubba,R,R,PHI,P
donnb101,Donnelly,Blix,R,R,PHI,P
ennid101,Ennis,Del,R,R,PHI,OF
golim101,Goliat,Mike,R,R,PHI,2B
hamng102,Hamner,Granny,R,R,PHI,SS
heink101,Heintzelman,Ken,R,L,PHI,P
holls101,Hollmig,Stan,R,R,PHI,OF
johnk101,Johnson,Ken,L,L,PHI,P
jonew101,Jones,Willie,R,R,PHI,3B
konsj101,Konstanty,Jim,R,R,PHI,P
lopas101,Lopata,Stan,R,R,PHI,C
mayoj101,Mayo,Jackie,L,R,PHI,OF
meyer101,Meyer,Russ,B,R,PHI,P
millb103,Miller,Bob,R,R,PHI,P
nichb101,Nicholson,Bill,L,R,PHI,OF
ridzs101,Ridzik,Steve,R,R,PHI,P
rober102,Roberts,Robin,B,R,PHI,P
semia101,Seminick,Andy,R,R,PHI,C
silvk101,Silvestri,Ken,B,R,PHI,C
simmc101,Simmons,Curt,L,L,PHI,P
sisld101,Sisler,Dick,L,R,PHI,OF
stufp101,Stuffel,Paul,R,R,PHI,P
thomj101,Thompson,Jocko,L,L,PHI,P
waite101,Waitkus,Eddie,L,L,PHI,1B
whitd103,Whitman,Dick,L,R,PHI,OF
barrf104,Barrett,Frank,R,R,PIT,P
beart101,Beard,Ted,L,L,PIT,OF
bellg103,Bell,Gus,L,R,PIT,OF
beraj101,Berardino,Johnny,R,R,PIT,2B
boroh101,Borowy,Hank,R,R,PIT,P
castp102,Castiglione,Pete,R,R,PIT,3B
chamc102,Chambers,Cliff,L,L,PIT,P
chesb101,Chesnes,Bob,B,R,PIT,P
coogd102,Coogan,Dale,L,L,PIT,1B
dickm101,Dickson,Murry,R,R,PIT,P
dillb102,Dillinger,Bob,R,R,PIT,3B
fernn101,Fernandez,Nanny,R,R,PIT,3B
fitze101,Fitz Gerald,Ed,R,R,PIT,C
gregh102,Gregg,Hal,R,R,PIT,P
gumbh101,Gumbert,Harry,R,R,PIT,P
hoppj102,Hopp,Johnny,L,L,PIT,1B
kiner101,Kiner,Ralph,R,R,PIT,OF
law-v101,Law,Vern,R,R,PIT,P
lombv101,Lombardi,Vic,L,L,PIT,P
macdb101,Macdonald,Bill,R,R,PIT,P
mainw102,Main,Woody,R,R,PIT,P
mccaw102,McCall,Windy,L,L,PIT,P
mccuc101,McCullough,Clyde,R,R,PIT,C
muelr101,Mueller,Ray,R,R,PIT,C
murtd101,Murtaugh,Danny,R,R,PIT,2B
ocond101,O'Connell,Danny,R,R,PIT,SS
papif101,Papish,Frank,R,L,PIT,P
philj101,Phillips,Jack,R,R,PIT,1B
pierb102,Pierro,Bill,R,R,PIT,P
queem101,Queen,Mel,R,R,PIT,P
rickm101,Rickert,Marv,L,R,PIT,OF
rojes101,Rojek,Stan,R,R,PIT,SS
safft101,Saffell,Tom,L,R,PIT,OF
scheh103,Schenz,Hank,R,R,PIT,2B
steve101,Stevens,Ed,L,L,PIT,1B
strig102,Strickland,George,R,R,PIT,SS
turne101,Turner,Earl,R,R,PIT,C
walsj107,Walsh,Junior,R,R,PIT,P
werlb101,Werle,Bill,L,L,PIT,P
westw102,Westlake,Wally,R,R,PIT,OF
albre101,Albrecht,Ed,R,R,SLA,P
arfth101,Arft,Hank,L,L,SLA,1B
bauer101,Bauers,Russ,L,R,SLA,P
brunj101,Bruner,Jack,L,L,SLA,P
coler102,Coleman,Ray,L,R,SLA,OF
delsj101,Delsing,Jim,L,R,SLA,OF
demab101,DeMars,Billy,R,R,SLA,SS
dorif101,Dorish,Fritz,R,R,SLA,P
fannc101,Fannin,Cliff,L,R,SLA,P
ferrt101,Ferrick,Tom,R,R,SLA,P
finet101,Fine,Tommy,B,R,SLA,P
frieo101,Friend,Owen,R,R,SLA,2B
garvn102,Garver,Ned,R,R,SLA,P
gustf101,Gustine,Frankie,R,R,SLA,3B
johnd102,Johnson,Don,R,R,SLA,P
kennb103,Kennedy,Bill,L,L,SLA,P
kokod101,Kokos,Dick,L,L,SLA,OF
kretl101,Kretlow,Lou,R,R,SLA,P
lenhd101,Lenhardt,Don,R,R,SLA,1B
lolls101,Lollar,Sherm,R,R,SLA,C
marsc101,Marshall,Cuddles,R,R,SLA,P
mossl101,Moss,Les,R,R,SLA,C
ostrj101,Ostrowski,Joe,L,L,SLA,P
overs101,Overmire,Stubby,R,L,SLA,P
pilld101,Pillette,Duane,R,R,SLA,P
raner101,Raney,Ribs,R,R,SLA,P
schas101,Schacht,Sid,R,R,SLA,P
sievr101,Sievers,Roy,R,R,SLA,OF
sleal101,Sleater,Lou,L,L,SLA,P
sommb101,Sommers,Bill,R,R,SLA,3B
stard102,Starr,Dick,R,R,SLA,P
stirs101,Stirnweiss,Snuffy,R,R,SLA,2B
thoml102,Thomas,Leo,R,R,SLA,3B
uptot101,Upton,Tom,R,R,SLA,SS
widma101,Widmar,Al,R,R,SLA,P
woodk101,Wood,Ken,R,R,SLA,OF
bilks101,Bilko,Steve,R,R,SLN,1B
blatj101,Blatnik,Johnny,R,R,SLN,OF
bolld101,Bollweg,Don,L,L,SLN,1B
boyec101,Boyer,Cloyd,R,R,SLN,P
braza101,Brazle,Al,L,L,SLN,P
brech101,Brecheen,Harry,L,L,SLN,P
buchj104,Bucha,Johnny,R,R,SLN,C
dealc101,Deal,Cot,B,R,SLN,P
dierc101,Diering,Chuck,R,R,SLN,OF
dusae101,Dusak,Erv,R,R,SLN,P
garaj101,Garagiola,Joe,L,R,SLN,C
gardd101,Gardella,Danny,L,L,SLN,PH
glavt101,Glaviano,Tommy,R,R,SLN,3B
hearj102,Hearn,Jim,R,R,SLN,P
hemus101,Hemus,Solly,L,R,SLN,3B
howeb101,Howerton,Bill,L,R,SLN,OF
johnk101,Johnson,Ken,L,L,SLN,P
jonen101,Jones,Nippy,R,R,SLN,1B
kazae101,Kazak,Eddie,R,R,SLN,3B
lanim101,Lanier,Max,R,L,SLN,P
lindj101,Lindell,Johnny,R,R,SLN,OF
lowrp101,Lowrey,Peanuts,R,R,SLN,2B
marim101,Marion,Marty,R,R,SLN,SS
martf101,Martin,Fred,R,R,SLN,P
micke101,Mickelson,Ed,R,R,SLN,1B
miere101,Mierkowicz,Ed,R,R,SLN,PH
mille104,Miller,Eddie,R,R,SLN,SS
mungr101,Munger,Red,R,R,SLN,P
musis101,Musial,Stan,L,L,SLN,OF
nelsr103,Nelson,Rocky,L,L,SLN,1B
papaa101,Papai,Al,R,R,SLN,P
pohot101,Poholsky,Tom,R,R,SLN,P
pollh101,Pollet,Howie,L,L,SLN,P
riced101,Rice,Del,R,R,SLN,C
riceh102,Rice,Hal,L,R,SLN,OF
schor101,Schoendienst,Red,B,R,SLN,2B
slaue101,Slaughter,Enos,L,R,SLN,OF
stalg103,Staley,Gerry,R,R,SLN,P
walkh102,Walker,Harry,L,R,SLN,OF
wilkt101,Wilks,Ted,R,R,SLN,P
bearg102,Bearden,Gene,L,L,WS1,P
coang101,Coan,Gil,L,R,WS1,OF
combm101,Combs,Merl,L,R,WS1,SS
conss101,Consuegra,Sandy,R,R,WS1,P
dents101,Dente,Sam,R,R,WS1,SS
evana101,Evans,Al,R,R,WS1,C
genog101,Genovese,George,L,R,WS1,PH
grasm101,Grasso,Mickey,R,R,WS1,C
harrm101,Harris,Mickey,L,L,WS1,P
haynj101,Haynes,Joe,R,R,WS1,P
hittl101,Hittle,Lloyd,R,L,WS1,P
hudss101,Hudson,Sid,R,R,WS1,P
kellh103,Keller,Hal,L,R,WS1,C
kozaa101,Kozar,Al,R,R,WS1,2B
kuzab101,Kuzava,Bob,B,L,WS1,P
marrc101,Marrero,Connie,R,R,WS1,P
martr102,Martinez,Rogelio,R,R,WS1,P
meles101,Mele,Sam,R,R,WS1,OF
michc101,Michaels,Cass,R,R,WS1,2B
morej102,Moreno,Julio,R,R,WS1,P
nagys101,Nagy,Steve,L,L,WS1,P
norei101,Noren,Irv,L,L,WS1,OF
obrit103,O'Brien,Tommy,R,R,WS1,OF
okril101,Okrie,Len,R,R,WS1,C
ortir101,Ortiz,Roberto,R,R,WS1,OF
ostrj102,Ostrowski,Johnny,R,R,WS1,OF
pascc101,Pascual,Carlos,R,R,WS1,P
pearj101,Pearce,Jim,R,R,WS1,P
robes102,Robertson,Sherry,L,R,WS1,OF
robie101,Robinson,Eddie,L,R,WS1,1B
rossb101,Ross,Bob,R,L,WS1,P
scarr102,Scarborough,Ray,R,R,WS1,P
simaa101,Sima,Al,R,L,WS1,P
singe101,Singleton,Elmer,R,R,WS1,P
stewb101,Stewart,Bud,L,R,WS1,OF
taylf101,Taylor,Fred,L,R,WS1,1B
vernm101,Vernon,Mickey,L,L,WS1,1B
vollc101,Vollmer,Clyde,R,R,WS1,OF
weikd101,Weik,Dick,R,R,WS1,P
weltd101,Welteroth,Dick,R,R,WS1,P
yoste101,Yost,Eddie,R,R,WS1,3B
